question,answer
What is the difference between a petition and a plaint in Indian law?,A petition is a formal request submitted to a courttribunalor authority to seek a specific remedy or relief. It is commonly used for various purposessuch as filing a writ petition in the High Court or submitting a petition for divorce. On the other handa plaint is a formal written statement of a plaintiff's claim in a civil lawsuit. The key difference is that a petition is more versatile and can be used for various legal matterswhile a plaint is specific to civil cases.
When should a writ petition be filed in India?,A writ petition in India should be filed when a fundamental right of an individual is violatedor when there is an issue related to the violation of a legal or constitutional right. Common examples include filing a writ of habeas corpus for unlawful detentiona writ of mandamus to compel a public authority to perform its dutiesor a writ of certiorari to quash an order.
What is the procedure for filing a plaint in a civil case in India?,To file a plaint in a civil case in Indiayou must follow these steps:Prepare a written statement of your claimincluding all relevant facts and legal grounds.Pay the prescribed court fees based on the value of the subject matter of the suit.Submit the plaint to the appropriate court having jurisdiction over the matter.The court will issue a summons to the defendantwho must respond within the stipulated time.The court will hear both parties and decide the case based on the evidence presented.
What are the common reliefs sought through a public interest litigation (PIL) petition in India?,Public interest litigation (PIL) petitions in India are typically filed to address issues of public concern or interest. Common reliefs sought through PIL petitions include:Environmental protection and conservation. Government accountability and transparency. Protection of the rights of marginalized or vulnerable groups. Enforcement of laws and regulations for the public welfare. Prevention of human rights violations.
Can a plaint be amended after it has been filed in a civil case in India?,Yesa plaint can be amended in a civil case in India under certain circumstances. The court has the discretion to allow amendments to the plaint to correct defects or add necessary details. Howeverthe court will consider factors like delayprejudice to the other partyand the stage of the proceedings before granting such amendments. It is advisable to seek legal advice before amending a plaint in a civil case.
What is a Written Statement in Indian civil procedure?,A Written Statement is a formal legal document filed by the defendant in response to the plaintiff's plaint. It outlines the defendant's version of the eventsdefensesand counterclaims (if any) in a civil lawsuit. It is a critical document as it sets out the defendant's side of the case and helps establish the issues in dispute.
What is the time limit for filing a Written Statement in India?,As per the Indian rules of civil procedurea defendant must file a Written Statement within 30 days from the date of service of summons or a notice of the suit. If the defendant fails to file the Written Statement within this periodthe court may proceed with the case ex-partemeaning the court will consider only the plaintiff's claims.
Can a defendant make counterclaims in the Written Statement?,Yes a defendant can make counterclaims in the Written Statement. A counterclaim is a claim made by the defendant against the plaintiffand it arises out of the same transaction or set of facts that form the basis of the plaintiff's claim. Counterclaims can be included in the Written Statement to be adjudicated by the court along with the plaintiff's claims.
What happens if a defendant fails to file a Written Statement in time?,If a defendant fails to file a Written Statement within the prescribed time limitthe court may proceed with the case ex-parte. This means that the court will consider only the plaintiff's claims and may pass a judgment in favor of the plaintiff based on the evidence presented. Howeverthe defendant can apply to set aside the ex-parte judgment and seek permission to file the Written Statement laterprovided they can provide a valid reason for the delay.
Can a defendant amend the Written Statement in an ongoing civil case in India?,Yes a defendant can seek permission from the court to amend the Written Statement during the course of the proceedings. Howeversuch amendments are subject to the court's discretionand the court will consider factors like delayprejudice to the other partyand the stage of the proceedings before granting permission. It's advisable to consult with legal counsel before amending a Written Statement in an ongoing civil case.
What is an affidavit in Indian law?,An affidavit is a written statement of facts that is sworn or affirmed by the person making it. In Indian lawan affidavit is typically used as evidence in various legal proceedingsincluding civil casescriminal casesand administrative matters. It is a legally binding documentand making false statements in an affidavit can lead to perjury charges.
Who can make an affidavit in India?,Any competent personincluding parties to a casewitnessesor other individuals with relevant informationcan make an affidavit in India. Competence means the person understands the nature and consequences of making a sworn statement. Legal representatives can also prepare affidavits on behalf of their clients.
What is the purpose of filing an affidavit in Indian courts?,Affidavits serve various purposes in Indian courtssuch as: Presenting evidence: Affidavits can be used to present statements of factsespecially when a witness cannot testify in court. Supporting applications: They are often filed in support of applications or petitionsproviding factual information or arguments. Verifying pleadings: In some casesparties are required to file affidavits verifying the truth of their pleadings or claims.
Are there specific rules for drafting an affidavit in India?,Yes there are specific rules for drafting affidavits in India. These rules include: Affidavits must be on non-judicial stamp paper of prescribed valueif applicable. The deponent (person making the affidavit) must sign the affidavit in front of an oath commissionernotary publicor other authorized officials. The affidavit must contain a verification clause where the deponent affirms the truth of the statements made. It should be divided into paragraphseach dealing with a specific fact or statement. It should be clearconciseand free from any irrelevant or extraneous matter.
Can affidavits be challenged in Indian courts?,Yes affidavits can be challenged in Indian courts. If a party believes that the contents of an affidavit are false or misleadingthey can file an application to cross-examine the deponent of the affidavit during the trial. Cross-examination allows the challenging party to question the deponent's statements and credibility. Additionallyif it is discovered that a deponent has made false statements in an affidavitthey may be subject to perjury charges.
What is a notice of motion?,A notice of motion is an application made in writing to the court requesting judicial orders for specific interim reliefs or directions during the pendency of a case. It can be filed by either the plaintiff/petitioner or defendant/respondent under Order 39 Rule 2 and 3 and Order 43 Rule 1 of the Civil Procedure Code. It is commonly used to seek temporary injunctionsstay orders on earlier decrees or judgmentsearly hearingcondonation of delayproduction of documentsdirections to expedite the caseand other incidental relief while the main case remains pending disposal.
What are the contents of a notice of motion?,A notice of motion sets out clearly the case details and the interim orders sought from the court. It contains the cause title and case numberthe subject matter in briefthe pending proceeding in relation to which relief is soughtspecific order or direction required and the grounds on the basis of which such relief is necessitated. It is supported by an affidavit stating the relevant facts and may have annexures and documents relied upon. The date of hearing when it will be listed before the concerned court is also mentioned.
What is the procedure for filing a notice of motion?,The notice of motion is prepared in the prescribed format and filed before the relevant court along with an affidavit and fees. Copies are provided to the concerned parties. It is listed for hearing on the designated date when the parties appear before the court. The applicant has to provide prior notice regarding the reliefs sought to the respondents. If notice period is waived by the courtthe application may be taken up for immediate hearing. The court considers the urgencynecessity and justification for granting such interim directions.
When can a notice of motion be filed?,A notice of motion for interim directions can be filed at any stage of a pending case when an urgent order is required concerning the matter. It can be filed along with the main suit or at a later date as and when circumstances warrant interim relief. Howeverit must relate to a proceeding already instituted in the court and not an independent action. The courts have the discretion to grantreject or vary the interim order as deemed necessary based on the application.
What are the common interim reliefs granted?,The frequently sought interim reliefs through notice of motion are temporary injunctions to restrain illegal actsappointment of receiversstay orders against execution of decreesexemption from surrendering in criminal casesdirections for expediting the trialmaintenance orders in matrimonial disputes and custody arrangements for minors. Courts can impose conditions while granting interim relief through the notice of motion depending on the facts and urgency shown.
What are pleadings in Indian legal proceedings?,Pleadings are formal written statements submitted by the parties involved in a legal case in India. They include the plaintiff's plaint (complaint) and the defendant's written statementwhich together outline the issues in disputethe claimsand the defenses. Pleadings play a crucial role in defining the scope of the case.
What is the purpose of filing a written statement in pleadings in India?,The written statementfiled by the defendantis a response to the plaintiff's plaint. Its primary purpose is to: Deny or admit the allegations made in the plaint. Raise any legal or factual defenses. Present any counterclaims against the plaintiffif applicable. Through the written statementthe defendant outlines their version of the events and their legal position regarding the case.
Are there time limits for filing pleadings in India?,Yes there are time limits for filing pleadings in Indian legal proceedings. Generallya defendant must file the written statement within 30 days from the date of service of summons or notice of the suit. Howeverextensions of time can be granted by the court for valid reasons.
Can amendments be made to pleadings in India after they are filed?,Yes amendments to pleadings can be made in India after they are filedsubject to certain conditions. The court has the discretion to allow amendments to correct defectsadd or strike out partiesor include additional facts. Howeverthe court will consider factors such as delayprejudice to the other partyand the stage of the proceedings before granting permission for amendments.
What happens if a party fails to file pleadings in India within the prescribed time?,If a party whether the plaintiff or defendantfails to file the required pleadings within the prescribed time framethe court may take various actionsincluding: Proceeding ex-parte: If the plaintiff fails to file the plaint or the defendant fails to file the written statementthe court may proceed with the case ex-partemeaning it will consider the claims or defenses of the non-defaulting party. Striking off pleadings: In certain casesthe court may strike off the pleadings of the defaulting partyeffectively preventing them from participating further in the case. It's crucial for parties to adhere to the prescribed timelines for filing pleadings to avoid adverse consequences.
What is a Power of Attorney (POA) in Indian law?,A Power of Attorney is a legal document that authorizes one person (the principal or donor) to grant legal authority to another person (the attorney-in-fact or agent) to act on their behalf in various legal and financial matters. POAs are commonly used in India for purposes such as property transactionsfinancial managementand legal representation.
What are the different types of Power of Attorney in India?,In India there are primarily two types of Power of Attorney: General Power of Attorney (GPA): This grants broad authority to the agent to act on behalf of the principal in various mattersincluding property transactionsbankingand legal proceedings. Specific Power of Attorney (SPA): This is limited in scope and grants authority for specific actions or transactionssuch as selling a particular property or signing specific documents.
Is a Power of Attorney a revocable document in India?,Yes a Power of Attorney in India is generally revocable. The principal can revoke or cancel the POA at any timeas long as they are mentally competent to do so. Revocation typically requires giving notice to the attorney-in-fact and anyone who may have relied on the POA. Recording the revocation in writing is advisable.
Are there specific formalities for executing a Power of Attorney in India?,Yes there are formalities to be followed when executing a Power of Attorney in Indiaincluding: The POA must be executed on non-judicial stamp paper of the appropriate valueas per the Stamp Act. It must be signed and dated by the principal in the presence of two witnesses. The attorney-in-fact must also sign the document in the presence of the witnesses. Registration of the POA is optional but advisableespecially for property-related matters.
Can a Power of Attorney be used for property transactions in India?,Yes a Power of Attorney can be used for property transactions in India. It is a common practice for property owners who are unable to be physically present for a sale or transfer of property to grant a POA to a trusted agent. Howeverit's essential to ensure that the POA is executed and registered correctlyand it should clearly specify the extent of authority granted to the attorney-in-fact for property-related matters.
What is a Vakalatnama in Indian legal proceedings?,A Vakalatnama is a formal document that authorizes an advocate or lawyer to act on behalf of a client in a specific case or matter. It is a written authorization given by the client to the advocateallowing the advocate to representpleadand perform legal actions on behalf of the client before the court.
What are the key components of a Vakalatnama in India?,A Vakalatnama typically includes the following key components: Details of the clientincluding their name and address. Details of the advocateincluding their nameenrollment numberand address. A clear statement of the court or tribunal before which the advocate is authorized to represent the client. The case number or title of the specific case in which the advocate is appointed. The client's signature or thumb impressionsignifying their consent and authorization.
Can a Vakalatnama be revoked or withdrawn in India?,Yesa Vakalatnama can be revoked or withdrawn by the client in India. The client has the right to change their legal representation or withdraw the authorization given to an advocate at any time during the proceedings. This typically requires filing an application or notifying the court and the advocate in writing.
Is a Vakalatnama a mandatory requirement for legal representation in Indian courts?,Yes in most casesa Vakalatnama is a mandatory requirement for legal representation in Indian courts. Advocates can represent clients effectively only after they are authorized through a Vakalatnama. Without a properly executed Vakalatnamaan advocate cannot represent a client in a court proceeding.
Can a Vakalatnama be filed electronically or through a Power of Attorney in India?,In certain casesa Vakalatnama may be filed electronicallydepending on the specific rules and practices of the court. Howeverphysical signatures and thumb impressions of the client are often required to authenticate the document. Additionallya Vakalatnama cannot be substituted by a general Power of Attorney; it is a specialized document for authorizing legal representation in a specific case and must be executed accordingly.
What is an application in the context of Indian legal proceedings?,An application is a formal written request submitted to the court seeking a specific orderreliefor action. Applications are used for various purposes in legal proceedingssuch as interim injunctionsdiscovery of documentsamendment of pleadingsand more. They are essential for advancing a case and addressing specific issues that may arise during litigation.
What are some common types of applications filed in Indian courts?,Indian courts receive a wide range of applicationsincluding: Interlocutory Applications: These seek interim relief or specific orders during the pendency of the main casesuch as injunctionsstay ordersor appointment of a receiver. Application for Amendment of Pleadings: Filed to seek permission to modify or amend the original pleadings or written statement to clarifycorrector expand on the case's content. Application for Discovery and Inspection: Filed to request the opposing party to produce certain documents or evidence for examination. Application for Review: Filed to seek a review of a judgment or order passed by a court. Application for Execution: Filed to enforce a decree or order of the courtsuch as for the recovery of money or possession of property.
What is the process for filing an application in an Indian court?,The process for filing an application in an Indian court generally involves the following steps: Drafting the application: Prepare a written application that clearly states the request or relief soughtsupported by relevant facts and legal arguments. Payment of court fees: Pay the prescribed court feesif applicablealong with the application. Filing the application: Submit the application to the appropriate court with multiple copies for service on the opposing party and the court. Service of notice: Serve notice of the application to the opposing partyallowing them an opportunity to respond. Hearing: The court schedules a hearing where both parties present their argumentsand the court may pass an appropriate order.
Can applications be filed electronically in Indian courts?,Yes many Indian courts have introduced e-filing systems that allow litigants and advocates to file applications electronically. E-filing is becoming increasingly commonespecially in higher courts and metropolitan areas. Howeverthe specific procedures and requirements for e-filing may vary by jurisdictionso it's essential to check the rules of the relevant court.
What happens if an application is not properly filed or is frivolous in Indian courts?,If an application is not filed correctlylacks meritor is deemed frivolous by the courtit may be dismissed or rejected. The court may also impose costs or penalties on the party filing the application. It is crucial for applicants to ensure that their applications are legally sound and comply with all procedural requirements to avoid such consequences.
What is an Interlocutory Application (IA) in Indian legal proceedings?,An Interlocutory Application (IA) is a formal application filed by a party to a case during its pendency to request the court to pass specific orders or provide interim relief. These applications are made to address issues that arise between the initiation of the case and its final disposal. IAs are essential for maintaining the balance of justice during ongoing litigation.
What are some common types of Interlocutory Applications filed in Indian courts?,Interlocutory Applications can take various formsincluding: Interim Injunctions: Filed to seek a temporary order restraining a party from taking certain actions until the final determination of the case. Stay of Execution: Filed to request a halt on the execution of a decree or order while an appeal is pending. Appointment of a Receiver: Filed to appoint a third-party receiver to preserve or manage property or assets during the case. Amendment of Pleadings: Filed to seek permission to amend the pleadings to clarifycorrector expand on the case's content. Release of Property: Filed to seek the release of seized or attached property during the litigation.
What is the process for filing an Interlocutory Application in an Indian court?,The process for filing an Interlocutory Application typically involves the following steps: Drafting the IA: Prepare a written application that clearly states the request for interim relief or specific orderssupported by relevant facts and legal arguments. Payment of court fees: Pay the prescribed court feesif applicablealong with the IA. Filing the IA: Submit the IA to the appropriate court with multiple copies for service on the opposing party and the court. Service of notice: Serve notice of the IA to the opposing partyallowing them an opportunity to respond. Hearing: The court schedules a hearing where both parties present their argumentsand the court may pass an appropriate interim order.
Can Interlocutory Applications be filed electronically in Indian courts?,Yesmany Indian courts have introduced e-filing systems that allow litigants and advocates to file Interlocutory Applications electronically. E-filing is becoming increasingly commonespecially in higher courts and metropolitan areas. Howeverthe specific procedures and requirements for e-filing may vary by jurisdictionso it's essential to check the rules of the relevant court.
Is the decision on an Interlocutory Application finalor can it be challenged?,The decision on an Interlocutory Application is typically considered an interim order and is subject to review or revision during the course of the case. Parties aggrieved by an interim order may file appeals or revision petitions challenging the decision. The final outcome of the case is determined at the conclusion of the main proceedings.
What is First Information Report (FIR)?,"The first information report means an information recorded by a police officer on duty given either by the aggrieved person or any other person to the commission of an alleged offence. On the basis of first information reportthe police commences its investigation.
Section 154 of the Code of Criminal Procedure1973 defines as to what amounts to first information."
Give information on FIR.,"Every information relating to the commission of a cognizable offenceif given orally to an officer-in-charge of a police stationshall be reduced to writing by him or under his directionand be read over to the informant; and every such informationwhether given in writing or reduced to writing as aforesaid shall be signed by the person giving itand the substance thereof shall be entered in a book to be kept by such officer in such form as the State Government may prescribe in this behalf.
A copy of the information as recorded under sub-section
(i) shall be given forthwithfree of costto the informant.
Any person aggrieved by a refusal on the part of an officer-
in-charge of police station to record the information referred to in sub-section (1) may send the substance of such informationin writing and by post to the Superintendent of Police concernedwho if satisfied that such information discloses the commission of a cognizable offence shall either investigate the case himself or direct an investigation to be made by any police officer subordinate to himin the manner provided by this Codeand such officer shall have all the powers of an officer-in-charge of the police station in relation to that offence.
The provision in section 154 regarding the reduction of oral statement to writing and obtaining signature of the informant to itis for the purpose of discouraging irresponsible statement about criminal offences by fixing the informant with the responsibility for the statement he makes.

Refusal by the informant to sign the first information is an offence punishable under section 180 of the Indian Penal Code. The absence of signatures on the first information report by the informanthoweveris not necessary to the extent that it will vitiate and nullify such report. The first information is still admissible in evidence.

In order to constitute an FIR in terms of section 154 of the Code. of Criminal Procedure1973 two conditions are to be fulfiUed:-
(a) what is conveyed must be an information; and
(b) that information should relate to the commission of a cognizable offence on the face of it.

In other wordsFIR is only a complaint to set the affairs of law and order in motion and it is only at the investigation stage that all the details can be gathered. In one of the judgmentsthe Madhya Pradesh High Court observed that the report of the crime which is persuading the police machinery towards starting investigation is FIRsubsequent reports are/were writtenthey are not hit under section 161 of the Code of Criminal Procedure1973 and cannot be treated as such."
